kind	left	middle	right	count
bigram	一举		一动	323
bigram	一些		东西	456
bigram	一些		事情	378
bigram	一些		问题	729
bigram	一件		事情	764
bigram	一切		都是	687
bigram	一动		不动	304
bigram	一口		一口	883
bigram	一台		电脑	271
bigram	一夜		之间	414
bigram	一天		到晚	480
bigram	一如		既往	727
bigram	一定		程度	1667
bigram	一定		要把	355
bigram	一席		之地	262
bigram	一年		一度	329
bigram	一张		照片	265
bigram	一本		正经	253
bigram	一步		一步	661
bigram	一段		时间	4538
bigram	一点		一点	442
bigram	一点		也不	942
bigram	一片		空白	273
bigram	一直		以为	409
bigram	一直		以来	1039
bigram	一直		没有	1224
bigram	一直		都在	336
bigram	一种		特殊	252
bigram	一篇		文章	756
bigram	一般		来说	939
bigram	一见		钟情	428
bigram	一起		分享	390
bigram	一起		吃饭	1200
bigram	七十		年代	315
bigram	万元		以上	388
bigram	三个		代表	473
bigram	三个		方面	459
bigram	三中		全会	288
bigram	三分		之一	900
bigram	三分		之二	396
bigram	三国		演义	250
bigram	上个		世纪	392
bigram	上市		公司	4280
bigram	上海		大众	400
bigram	上班		时间	280
bigram	上证		指数	408
bigram	下定		决心	362
bigram	下岗		职工	304
bigram	下载		地址	627
bigram	不会		出现	562
bigram	不会		忘记	355
bigram	不利		影响	256
bigram	不可		忽视	261
bigram	不可		缺少	378
bigram	不可		避免	967
bigram	不同		意见	258
bigram	不同		程度	853
bigram	不同		类型	398
bigram	不在		少数	245
bigram	不好		意思	8752
bigram	不容		乐观	251
bigram	不容		忽视	323
bigram	不敢		相信	425
bigram	不断		创新	265
bigram	不断		加强	250
bigram	不断		发展	427
bigram	不断		增加	510
bigram	不断		增强	324
bigram	不断		完善	459
bigram	不断		扩大	470
bigram	不断		提高	1203
bigram	不是		一个	1426
bigram	不是		很好	708
bigram	不是		没有	259
bigram	不止		一次	292
bigram	不用		担心	699
bigram	不用		注册	370
bigram	不由		自主	540
bigram	不知		不觉	1277
bigram	不算		什么	261
bigram	不管		怎样	313
bigram	不能		使用	419
bigram	不能		接受	423
bigram	不能		正常	245
bigram	不能		超过	246
bigram	不良		反应	346
bigram	不要		以为	451
bigram	不要		忘记	300
bigram	不要		轻易	303
bigram	不负		责任	749
bigram	不顾		一切	354
bigram	与此		同时	936
bigram	专业		人员	488
bigram	专业		人士	691
bigram	专业		人才	259
bigram	专业		技术	331
bigram	专业		生产	355
bigram	专业		知识	612
bigram	专家		学者	473
bigram	专家		认为	396
bigram	专项		整治	424
bigram	专项		资金	402
bigram	世界		一流	301
bigram	世界		冠军	352
bigram	世界		各国	700
bigram	世界		各地	954
bigram	世界		排名	251
bigram	世界		第一	500
bigram	世界		纪录	247
bigram	世界		经济	518
bigram	世界		著名	244
bigram	世界		银行	248
bigram	业内		人士	1180
bigram	业务		发展	263
bigram	业务		流程	350
bigram	业务		部门	243
bigram	业绩		增长	282
bigram	东北		地区	278
bigram	丝毫		没有	378
bigram	两个		孩子	333
bigram	两个		方面	517
bigram	两岸		关系	328
bigram	严厉		打击	286
bigram	严格		执行	515
bigram	严格		按照	547
bigram	严格		控制	387
bigram	严格		遵守	247
bigram	严重		影响	620
bigram	个人		主页	353
bigram	个人		信息	460
bigram	个人		意见	642
bigram	个人		日记	267
bigram	个人		电脑	275
bigram	个人		空间	652
bigram	个人		网站	304
bigram	个人		观点	1364
bigram	个人		认为	899
bigram	个人		资料	681
bigram	中产		阶级	316
bigram	中介		公司	300
bigram	中介		机构	441
bigram	中信		证券	340
bigram	中共		中央	858
bigram	中兴		通讯	256
bigram	中午		吃什么	25000
bigram	中华		文化	327
bigram	中华		民国	323
bigram	中华		民族	1704
bigram	中国		人寿	370
bigram	中国		人民	1365
bigram	中国		企业	1245
bigram	中国		传统	504
bigram	中国		公司	253
bigram	中国		公民	308
bigram	中国		内地	488
bigram	中国		军队	272
bigram	中国		制造	249
bigram	中国		古代	613
bigram	中国		国际	507
bigram	中国		大陆	1156
bigram	中国		女足	279
bigram	中国		学生	343
bigram	中国		市场	1541
bigram	中国		平安	243
bigram	中国		政府	1624
bigram	中国		教育	312
bigram	中国		文化	786
bigram	中国		最大	330
bigram	中国		汽车	268
bigram	中国		特色	1778
bigram	中国		电信	804
bigram	中国		电影	505
bigram	中国		石化	389
bigram	中国		石油	568
bigram	中国		社会	519
bigram	中国		移动	1251
bigram	中国		第一	551
bigram	中国		经济	1612
bigram	中国		网通	286
bigram	中国		联通	634
bigram	中国		股市	1006
bigram	中国		足协	399
bigram	中国		足球	882
bigram	中国		银行	864
bigram	中央		企业	276
bigram	中央		军委	274
bigram	中央		政府	583
bigram	中央		银行	269
bigram	中小		企业	2468
bigram	中小		学生	498
bigram	中山		大学	370
bigram	中心		主任	458
bigram	中心		城市	296
bigram	中日		关系	285
bigram	中秋		快乐	261
bigram	丰富		多彩	610
bigram	临床		应用	289
bigram	临床		研究	293
bigram	为您		提供	547
bigram	主办		单位	246
bigram	主导		地位	305
bigram	主流		媒体	249
bigram	主管		部门	2413
bigram	主营		业务	401
bigram	主要		任务	381
bigram	主要		体现	253
bigram	主要		内容	760
bigram	主要		包括	580
bigram	主要		原因	1503
bigram	主要		因素	317
bigram	主要		用于	524
bigram	主要		表现	462
bigram	主要		问题	373
bigram	主要		领导	431
bigram	举报		电话	2141
bigram	义务		教育	583
bigram	九十		年代	408
bigram	也不		例外	477
bigram	也不		可能	821
bigram	也不		知道	3242
bigram	也就		是说	2386
bigram	也是		一种	1028
bigram	乡镇		企业	359
bigram	了解		一下	501
bigram	了解		自己	290
bigram	事业		单位	1174
bigram	事业		发展	497
bigram	事件		发生	388
bigram	事实		证明	382
bigram	二十		世纪	337
bigram	二级		市场	585
bigram	亚太		地区	339
bigram	交易		市场	341
bigram	交流		平台	2392
bigram	交通		事故	622
bigram	交通		工具	405
bigram	交通		运输	387
bigram	交通		银行	421
bigram	产业		发展	897
bigram	产业		结构	595
bigram	产业		集群	311
bigram	产品		价格	533
bigram	产品		出口	243
bigram	产品		开发	301
bigram	产品		设计	299
bigram	产品		质量	1126
bigram	产品		销售	250
bigram	产生		影响	259
bigram	亲密		接触	287
bigram	亲朋		好友	383
bigram	亲身		经历	329
bigram	人与		自然	312
bigram	人事		部门	251
bigram	人力		资源	1462
bigram	人均		收入	253
bigram	人大		代表	962
bigram	人才		培养	497
bigram	人才		市场	492
bigram	人民		医院	586
bigram	人民		广场	259
bigram	人民		政府	2666
bigram	人民		日报	368
bigram	人民		法院	1207
bigram	人民		群众	1945
bigram	人民		银行	300
bigram	人类		文明	257
bigram	人类		社会	497
bigram	人身		攻击	393
bigram	人道		主义	272
bigram	人都		知道	702
bigram	人际		关系	776
bigram	什么		东西	1754
bigram	什么		事情	1124
bigram	什么		关系	635
bigram	什么		原因	825
bigram	什么		地方	1209
bigram	什么		情况	309
bigram	什么		意思	56562
bigram	什么		时候	56872
bigram	什么		时间	274
bigram	什么		样子	808
bigram	什么		程度	260
bigram	什么		问题	988
bigram	仅供		参考	787
bigram	今天		中午	25000
bigram	今天		天气	1800
bigram	今天		星期一	30000
bigram	今天		星期三	30000
bigram	今天		星期二	30000
bigram	今天		星期五	30000
bigram	今天		星期六	30000
bigram	今天		星期四	30000
bigram	今天		星期日	30000
bigram	今天		晚上	26000
bigram	今年		以来	644
bigram	介绍		一下	897
bigram	从业		人员	822
bigram	从来		没有	2546
bigram	仔细		阅读	530
bigram	代表		人物	278
bigram	代表		大会	353
bigram	令人		满意	276
bigram	以上		学历	387
bigram	以下		几点	274
bigram	以下		简称	739
bigram	以为		自己	745
bigram	以及		其他	629
bigram	价值		取向	254
bigram	价值		投资	255
bigram	价格		上涨	913
bigram	任何		一种	281
bigram	任何		东西	292
bigram	任何		事情	389
bigram	任何		地方	244
bigram	任何		时候	440
bigram	企业		内部	390
bigram	企业		发展	585
bigram	企业		名称	243
bigram	企业		文化	873
bigram	企业		管理	583
bigram	企业		经营	268
bigram	企业		集团	335
bigram	休息		一下	317
bigram	优化		大师	333
bigram	优惠		政策	879
bigram	优秀		人才	268
bigram	优质		服务	481
bigram	伙伴		关系	257
bigram	会议		精神	265
bigram	传统		媒体	300
bigram	传统		文化	749
bigram	低空		经济	500
bigram	体制		改革	708
bigram	体系		建设	505
bigram	体系		结构	256
bigram	体育		运动	314
bigram	作为		一名	466
bigram	作品		内容	1250
bigram	你是		什么	27000
bigram	你的		帮助	26000
bigram	你的		意思	25000
bigram	使用		作品	663
bigram	使用		寿命	354
bigram	使用		情况	281
bigram	使用		方法	436
bigram	供求		信息	246
bigram	供求		关系	266
bigram	依法		行政	373
bigram	促进		作用	264
bigram	促销		活动	450
bigram	保健		食品	272
bigram	保护		条例	793
bigram	保护		自己	494
bigram	保险		公司	1783
bigram	信息		中心	631
bigram	信息		产业	331
bigram	信息		发布	355
bigram	信息		安全	411
bigram	信息		技术	1028
bigram	信息		披露	381
bigram	信息		服务	846
bigram	信息		系统	748
bigram	信息		网络	243
bigram	信息		资源	384
bigram	值得		一提	485
bigram	值得		关注	398
bigram	值得		期待	272
bigram	值得		注意	416
bigram	做大		做强	440
bigram	做好		准备	340
bigram	健康		发展	974
bigram	健康		成长	289
bigram	健康		教育	254
bigram	健康		状况	251
bigram	兄弟		姐妹	741
bigram	充分		体现	543
bigram	充分		利用	1237
bigram	充分		发挥	1778
bigram	充分		考虑	401
bigram	充分		肯定	446
bigram	充分		认识	425
bigram	充满		信心	310
bigram	充满		活力	270
bigram	先进		技术	398
bigram	免费		下载	367
bigram	免费		提供	348
bigram	党员		干部	723
bigram	党委		书记	678
bigram	党建		工作	282
bigram	全体		员工	247
bigram	全国		人大	535
bigram	全国		人民	714
bigram	全国		各地	1297
bigram	全球		最大	521
bigram	全球		经济	411
bigram	全面		发展	514
bigram	全面		推进	419
bigram	全面		提升	243
bigram	全面		提高	257
bigram	八十		年代	584
bigram	公共		交通	278
bigram	公共		利益	271
bigram	公共		卫生	418
bigram	公共		场所	373
bigram	公共		服务	623
bigram	公共		汽车	452
bigram	公司		内部	302
bigram	公司		治理	307
bigram	公司		注册	319
bigram	公安		分局	350
bigram	公安		机关	1516
bigram	公安		部门	404
bigram	公平		竞争	251
bigram	公开		发行	317
bigram	公益		事业	350
bigram	共产		主义	740
bigram	共产		党员	588
bigram	共同		努力	605
bigram	共同		发展	301
bigram	关于		加强	332
bigram	关联		交易	306
bigram	关键		在于	547
bigram	关键		技术	376
bigram	关键		时刻	633
bigram	其他		国家	714
bigram	其他		地区	287
bigram	其他		地方	2014
bigram	其他		媒体	610
bigram	其它		媒体	489
bigram	其它		问题	337
bigram	具体		内容	266
bigram	具体		情况	734
bigram	具体		要求	281
bigram	具有		良好	387
bigram	具有		较强	285
bigram	养老		保险	516
bigram	内容		包括	321
bigram	内心		世界	257
bigram	再也		没有	715
bigram	农业		生产	612
bigram	农业		科技	350
bigram	农村		经济	309
bigram	农民		增收	439
bigram	准备		工作	797
bigram	几个		小时	657
bigram	几个		方面	523
bigram	几个		问题	479
bigram	几乎		所有	996
bigram	几乎		没有	1000
bigram	凤凰		卫视	395
bigram	出乎		意料	299
bigram	出口		企业	310
bigram	出口		退税	293
bigram	出国		留学	280
bigram	出席		会议	434
bigram	出现		问题	628
bigram	分支		机构	494
bigram	切实		加强	470
bigram	切身		利益	359
bigram	刑事		案件	270
bigram	刚刚		开始	442
bigram	创建		一个	411
bigram	创新		精神	267
bigram	创新		能力	448
bigram	创造		条件	292
bigram	创造		良好	256
bigram	初步		形成	261
bigram	初级		阶段	331
bigram	利益		集团	309
bigram	别太		离谱	1600
bigram	别有		用心	300
bigram	到哪		里去	513
bigram	到处		都是	583
bigram	到家		说一声	1600
bigram	制度		建设	397
bigram	制度		改革	366
bigram	制造		企业	246
bigram	前三		季度	377
bigram	前段		时间	1104
bigram	功能		已经	1500
bigram	功能		强大	321
bigram	加工		企业	294
bigram	加工		贸易	281
bigram	加快		发展	545
bigram	加快		推进	363
bigram	动感		地带	335
bigram	努力		学习	247
bigram	努力		工作	286
bigram	努力		提高	298
bigram	劳务		输出	270
bigram	劳动		保障	746
bigram	劳动		关系	393
bigram	劳动		合同	1015
bigram	募集		资金	428
bigram	北京		地区	343
bigram	北京		大学	1151
bigram	北京		奥运	519
bigram	北京		时间	694
bigram	区域		经济	271
bigram	医疗		保险	614
bigram	医疗		卫生	540
bigram	医疗		器械	495
bigram	医疗		服务	363
bigram	医疗		机构	760
bigram	医疗		费用	316
bigram	医院		检查	360
bigram	十分		重要	596
bigram	十字		路口	386
bigram	千万		不能	318
bigram	千万		不要	1501
bigram	千千		万万	253
bigram	千千		静听	264
bigram	千里		之外	300
bigram	半个		小时	920
bigram	协调		发展	622
bigram	南京		大学	265
bigram	南方		周末	247
bigram	博士		学位	430
bigram	占地		面积	273
bigram	卡巴		斯基	1564
bigram	即将		到来	363
bigram	即时		零售	500
bigram	却不		知道	374
bigram	历史		悠久	289
bigram	历史		文化	440
bigram	原因		之一	544
bigram	原来		如此	410
bigram	原油		价格	246
bigram	去年		同期	803
bigram	县委		书记	367
bigram	县级		以上	443
bigram	参加		工作	264
bigram	参加		活动	414
bigram	又是		一个	601
bigram	友情		链接	417
bigram	反应		很慢	24000
bigram	发展		前景	576
bigram	发展		壮大	382
bigram	发展		成为	389
bigram	发展		战略	782
bigram	发展		方向	750
bigram	发展		机遇	281
bigram	发展		模式	324
bigram	发展		潜力	342
bigram	发展		目标	333
bigram	发展		空间	551
bigram	发展		经济	257
bigram	发展		规划	554
bigram	发展		起来	374
bigram	发展		趋势	978
bigram	发展		过程	439
bigram	发展		速度	329
bigram	发展		道路	259
bigram	发展		阶段	391
bigram	发布		公告	264
bigram	发扬		光大	253
bigram	发挥		作用	438
bigram	发现		自己	1539
bigram	发现		问题	317
bigram	发生		什么	363
bigram	发生		冲突	272
bigram	发生		变化	650
bigram	发自		内心	362
bigram	发表		声明	283
bigram	发表		意见	265
bigram	发表		文章	404
bigram	发表		言论	2262
bigram	发表		评论	1174
bigram	发达		国家	1642
bigram	发达		地区	354
bigram	取得		成功	298
bigram	取得		联系	352
bigram	受到		影响	441
bigram	变形		金刚	1828
bigram	变得		更加	456
bigram	口口		声声	269
bigram	另一		个人	396
bigram	另一		方面	2620
bigram	可不		可以	1299
bigram	可以		上网	264
bigram	可以		下载	352
bigram	可以		买到	327
bigram	可以		享受	384
bigram	可以		作为	410
bigram	可以		使用	1459
bigram	可以		分为	281
bigram	可以		利用	575
bigram	可以		实现	671
bigram	可以		帮助	612
bigram	可以		得到	763
bigram	可以		找到	573
bigram	可以		接受	475
bigram	可以		提供	403
bigram	可以		根据	882
bigram	可以		满足	364
bigram	可以		理解	818
bigram	可以		用来	413
bigram	可以		申请	261
bigram	可以		直接	1317
bigram	可以		看出	1533
bigram	可以		看到	2449
bigram	可以		看见	303
bigram	可以		考虑	840
bigram	可以		获得	581
bigram	可以		说是	1933
bigram	可以		达到	548
bigram	可以		选择	1460
bigram	可以		通过	2953
bigram	可以		采用	260
bigram	可以		随时	497
bigram	可口		可乐	555
bigram	可能		出现	787
bigram	可能		发生	479
bigram	可能		成为	524
bigram	台湾		地区	370
bigram	台湾		当局	244
bigram	司法		机关	363
bigram	司法		考试	265
bigram	司法		解释	248
bigram	各个		方面	556
bigram	各个		环节	295
bigram	各位		朋友	325
bigram	各式		各样	446
bigram	各界		人士	271
bigram	各种		各样	1334
bigram	各种		形式	269
bigram	各级		党委	244
bigram	各级		政府	723
bigram	各级		领导	251
bigram	各项		工作	923
bigram	合作		伙伴	1614
bigram	合作		关系	612
bigram	合作		协议	409
bigram	合作		项目	249
bigram	合法		权益	1164
bigram	合资		企业	330
bigram	合资		公司	412
bigram	同比		增长	990
bigram	同济		大学	270
bigram	同类		产品	348
bigram	告诉		大家	650
bigram	告诉		自己	406
bigram	告诉		记者	3328
bigram	周末		一起	1200
bigram	周末		见面	1600
bigram	周边		地区	293
bigram	呼叫		中心	306
bigram	和谐		发展	300
bigram	和谐		社会	1494
bigram	咨询		公司	368
bigram	咨询		服务	394
bigram	咨询		机构	439
bigram	咨询		电话	345
bigram	品牌		形象	369
bigram	哈佛		大学	244
bigram	哈利		波特	629
bigram	哈哈		哈哈	4410
bigram	哈哈		大笑	371
bigram	售后		服务	1122
bigram	唱片		公司	569
bigram	商业		地产	414
bigram	商业		模式	492
bigram	商业		贿赂	344
bigram	商业		银行	1614
bigram	啊啊		啊啊	639
bigram	回复		日期	100000
bigram	回头		细说	1600
bigram	回答		问题	270
bigram	困难		群众	247
bigram	固定		不变	299
bigram	固定		电话	313
bigram	固定		资产	660
bigram	国产		手机	314
bigram	国内		企业	367
bigram	国内		市场	762
bigram	国土		资源	318
bigram	国家		利益	363
bigram	国家		安全	668
bigram	国家		政策	267
bigram	国家		机关	325
bigram	国家		标准	576
bigram	国家		电网	1600
bigram	国家		规定	422
bigram	国家		重点	247
bigram	国有		企业	1410
bigram	国有		资产	795
bigram	国民		经济	1104
bigram	国防		部长	270
bigram	国际		合作	295
bigram	国际		品牌	281
bigram	国际		市场	1221
bigram	国际		机场	309
bigram	国际		标准	416
bigram	国际		油价	268
bigram	国际		社会	693
bigram	国际		米兰	505
bigram	国际		贸易	666
bigram	圆满		完成	255
bigram	土地		利用	283
bigram	土地		资源	272
bigram	在此		之前	361
bigram	在线		观看	306
bigram	在这		方面	908
bigram	地方		政府	1570
bigram	地理		位置	556
bigram	地质		灾害	319
bigram	坚决		反对	298
bigram	坚持		不懈	313
bigram	垃圾		邮件	419
bigram	城乡		居民	291
bigram	城市		发展	311
bigram	城市		居民	367
bigram	城市		建设	635
bigram	城市		管理	271
bigram	城市		规划	556
bigram	城镇		居民	467
bigram	域名		交易	292
bigram	培养		学生	494
bigram	培训		中心	450
bigram	培训		工作	274
bigram	培训		机构	331
bigram	基地		建设	257
bigram	基本		原则	537
bigram	基本		原理	249
bigram	基本		完成	338
bigram	基本		情况	463
bigram	基本		知识	247
bigram	基本		要求	390
bigram	基础		教育	368
bigram	基础		知识	482
bigram	基础		设施	1350
bigram	基金		公司	846
bigram	基金		管理	379
bigram	基金		经理	619
bigram	增值		业务	275
bigram	增值		服务	315
bigram	增长		速度	636
bigram	复合		材料	295
bigram	复旦		大学	516
bigram	外商		投资	305
bigram	外汇		储备	563
bigram	外观		设计	372
bigram	外贸		公司	325
bigram	外资		企业	523
bigram	外资		银行	491
bigram	外部		环境	247
bigram	多少		时间	249
bigram	多种		多样	288
bigram	多种		形式	445
bigram	多长		时间	709
bigram	大中		城市	291
bigram	大力		发展	802
bigram	大力		推进	375
bigram	大力		支持	762
bigram	大吃		一惊	314
bigram	大型		企业	459
bigram	大多		数人	1164
bigram	大大		小小	541
bigram	大大		提高	563
bigram	大学		教授	249
bigram	大学		毕业	788
bigram	大学		生活	329
bigram	大家		一起	777
bigram	大家		分享	545
bigram	大家		看看	349
bigram	大家		都是	516
bigram	大幅		增长	344
bigram	大打		折扣	275
bigram	大街		小巷	290
bigram	大话		西游	256
bigram	天下		第一	363
bigram	天府		新区	1600
bigram	天气		不错	1800
bigram	天气		预报	575
bigram	天涯		杂谈	303
bigram	天涯		社区	257
bigram	奋斗		目标	305
bigram	女性		朋友	292
bigram	好不		容易	1638
bigram	好久		不见	583
bigram	好久		没有	408
bigram	好好		学习	539
bigram	好的		没有	26000
bigram	如何		使用	275
bigram	如何		处理	370
bigram	如何		才能	360
bigram	如何		看待	318
bigram	如何		解决	299
bigram	如何		进行	304
bigram	妥善		处理	246
bigram	始终		保持	375
bigram	始终		坚持	339
bigram	娱乐		八卦	420
bigram	娱乐		场所	358
bigram	媒体		报道	819
bigram	字节		跳动	1600
bigram	存储		空间	925
bigram	存储		过程	286
bigram	存在		问题	409
bigram	学习		成绩	392
bigram	学习		贯彻	424
bigram	学士		学位	277
bigram	安全		事故	271
bigram	安全		卫士	388
bigram	安全		生产	1283
bigram	安全		管理	355
bigram	安全		问题	458
bigram	安全		隐患	466
bigram	安装		程序	364
bigram	完全		不同	791
bigram	完全		可以	1533
bigram	完全		没有	740
bigram	完全		相同	267
bigram	完成		任务	400
bigram	宏观		经济	572
bigram	宏观		调控	1329
bigram	官方		网站	1426
bigram	定向		增发	337
bigram	实施		办法	245
bigram	实施		方案	430
bigram	实施		细则	327
bigram	实践		活动	266
bigram	实践		经验	298
bigram	实际		工作	295
bigram	实际		情况	1414
bigram	实际		操作	317
bigram	实际		行动	474
bigram	实际		问题	250
bigram	实验		研究	414
bigram	客户		提供	743
bigram	客户		服务	446
bigram	客户		经理	248
bigram	宣传		工作	289
bigram	宣传		教育	331
bigram	宣传		活动	340
bigram	家庭		成员	299
bigram	家庭		教育	277
bigram	家庭		生活	277
bigram	家用		电器	254
bigram	容易		引起	247
bigram	密切		关注	400
bigram	密切		相关	491
bigram	密密		麻麻	283
bigram	对外		开放	704
bigram	对外		贸易	406
bigram	对话		框中	274
bigram	封建		社会	248
bigram	尊重		网上	1067
bigram	小米		汽车	1600
bigram	少年		儿童	245
bigram	少数		民族	943
bigram	就业		机会	258
bigram	就会		出现	509
bigram	就在		这里	311
bigram	就是		这样	2184
bigram	就是		那个	531
bigram	尽量		避免	335
bigram	属于		自己	1003
bigram	工业		企业	481
bigram	工业		园区	518
bigram	工业		大学	405
bigram	工业		经济	259
bigram	工业		设计	284
bigram	工人		阶级	244
bigram	工作		人员	5623
bigram	工作		任务	338
bigram	工作		会议	764
bigram	工作		单位	246
bigram	工作		压力	246
bigram	工作		原理	257
bigram	工作		岗位	477
bigram	工作		情况	291
bigram	工作		报告	349
bigram	工作		效率	382
bigram	工作		时间	559
bigram	工作		机制	266
bigram	工作		环境	389
bigram	工作		经验	885
bigram	工作		计划	289
bigram	工作		重点	330
bigram	工作		需要	244
bigram	工作		顺利	24173
bigram	工商		部门	378
bigram	工商		银行	826
bigram	工程		建设	855
bigram	工程		技术	273
bigram	工程		施工	250
bigram	工程		项目	411
bigram	左侧		排名	273
bigram	已经		完成	1500
bigram	已经		解决	25000
bigram	市场		价格	781
bigram	市场		份额	1153
bigram	市场		前景	290
bigram	市场		环境	341
bigram	市场		秩序	284
bigram	市场		竞争	927
bigram	市场		经济	2044
bigram	市场		营销	566
bigram	市场		行情	271
bigram	市场		需求	883
bigram	市委		书记	814
bigram	市委		常委	269
bigram	师范		大学	1059
bigram	希望		大家	1624
bigram	希望		能够	801
bigram	帝国		主义	521
bigram	帮助		文件	317
bigram	帮我		确认	1600
bigram	干部		群众	408
bigram	干部		职工	489
bigram	平均		工资	289
bigram	平均		水平	539
bigram	平方		公里	776
bigram	平板		电视	404
bigram	平面		设计	262
bigram	并不		一定	454
bigram	并不		代表	967
bigram	并不		知道	457
bigram	幸福		生活	328
bigram	广告		公司	524
bigram	广告		宣传	247
bigram	广大		群众	327
bigram	广播		电视	529
bigram	广泛		应用	514
bigram	广电		总局	303
bigram	应当		按照	284
bigram	应急		预案	334
bigram	应用		研究	263
bigram	应用		程序	2222
bigram	应用		系统	310
bigram	应用		软件	488
bigram	应该		可以	427
bigram	应该		注意	281
bigram	建立		健全	799
bigram	建立		自己	257
bigram	建筑		工程	321
bigram	建筑		设计	302
bigram	建筑		面积	748
bigram	建设		单位	292
bigram	建设		工程	506
bigram	建设		用地	496
bigram	建设		银行	450
bigram	建设		项目	827
bigram	开发		人员	585
bigram	开发		利用	449
bigram	开发		建设	371
bigram	开展		工作	306
bigram	开工		建设	358
bigram	开开		心心	345
bigram	引导		学生	323
bigram	弱势		群体	576
bigram	强烈		建议	318
bigram	强烈		推荐	281
bigram	强烈		要求	649
bigram	当今		世界	312
bigram	当代		中国	357
bigram	当地		政府	561
bigram	当地		时间	302
bigram	影响		因素	277
bigram	征求		意见	319
bigram	很久		以前	316
bigram	很久		没有	414
bigram	很多		东西	799
bigram	很多		事情	817
bigram	很多		人都	1119
bigram	很多		时候	1028
bigram	很有		可能	894
bigram	很有		意思	648
bigram	很长		时间	909
bigram	循环		系统	415
bigram	循环		经济	451
bigram	微软		公司	316
bigram	微量		元素	362
bigram	心情		不好	463
bigram	心理		健康	293
bigram	心理		准备	418
bigram	心理		医生	293
bigram	心理		压力	268
bigram	心理		咨询	274
bigram	心理		学家	268
bigram	心理		素质	347
bigram	快捷		方式	314
bigram	快速		发展	1285
bigram	快速		增长	844
bigram	念念		不忘	255
bigram	怎么		可能	1055
bigram	怎么		回事	1839
bigram	怎么		解决	25197
bigram	怎么		这么	657
bigram	怎样		才能	570
bigram	思维		方式	463
bigram	总体		规划	420
bigram	总有		一天	418
bigram	恐怖		主义	334
bigram	恐怖		分子	493
bigram	恐怖		袭击	258
bigram	恢复		正常	501
bigram	恭喜		恭喜	325
bigram	恶性		循环	260
bigram	恶性		肿瘤	252
bigram	您还		没有	292
bigram	情绪		价值	500
bigram	意见		建议	567
bigram	意识		形态	773
bigram	感觉		不到	349
bigram	慈善		事业	250
bigram	成为		一名	287
bigram	成为		一种	671
bigram	成为		世界	498
bigram	成为		中国	642
bigram	成功		举办	297
bigram	成功		人士	250
bigram	成功		经验	335
bigram	成立		以来	253
bigram	我不		明白	25000
bigram	我不		知道	27000
bigram	我们		什么	25000
bigram	或者		其他	488
bigram	战略		目标	288
bigram	截然		不同	456
bigram	房地		产业	716
bigram	所作		所为	302
bigram	所在		单位	280
bigram	所有		人都	826
bigram	所有		作品	583
bigram	手术		治疗	310
bigram	手机		号码	614
bigram	手机		市场	285
bigram	手机		用户	294
bigram	手机		电视	275
bigram	手机		短信	402
bigram	才是		真正	638
bigram	打个		电话	536
bigram	执法		人员	636
bigram	批发		市场	584
bigram	承受		能力	439
bigram	承担		责任	449
bigram	技术		人员	1020
bigram	技术		分析	257
bigram	技术		创新	727
bigram	技术		含量	594
bigram	技术		开发	312
bigram	技术		指标	310
bigram	技术		支持	832
bigram	技术		改造	310
bigram	技术		服务	399
bigram	技术		标准	317
bigram	技术		水平	453
bigram	技术		研究	351
bigram	技术		进步	266
bigram	技术		问题	269
bigram	抓紧		时间	371
bigram	投入		使用	364
bigram	投资		价值	447
bigram	投资		公司	384
bigram	投资		基金	249
bigram	投资		建议	392
bigram	投资		收益	401
bigram	投资		机会	304
bigram	投资		环境	426
bigram	投资		银行	321
bigram	投资		项目	400
bigram	抗日		战争	380
bigram	抗震		救灾	482
bigram	报名		参加	357
bigram	抵制		日货	287
bigram	抵押		贷款	285
bigram	招商		引资	940
bigram	招商		银行	853
bigram	招生		计划	259
bigram	持续		发展	401
bigram	持续		增长	351
bigram	指导		思想	503
bigram	按照		规定	283
bigram	接受		采访	648
bigram	控制		系统	637
bigram	控制		面板	547
bigram	控股		股东	451
bigram	推动		作用	303
bigram	推广		应用	247
bigram	提交		日期	358
bigram	提供		免费	260
bigram	提供		服务	435
bigram	提出		申请	307
bigram	提起		诉讼	246
bigram	提高		自己	283
bigram	搜狐		博客	657
bigram	搜索		引擎	2109
bigram	搜索		结果	396
bigram	搬家		公司	278
bigram	摩托		罗拉	1106
bigram	操作		权限	285
bigram	操作		系统	3170
bigram	支柱		产业	382
bigram	收入		分配	306
bigram	收费		标准	605
bigram	改变		自己	422
bigram	改善		睡眠	269
bigram	改造		工程	252
bigram	改革		发展	467
bigram	改革		开放	1907
bigram	放在		一起	289
bigram	政务		公开	288
bigram	政协		委员	766
bigram	政府		官员	534
bigram	政府		机关	282
bigram	政府		机构	262
bigram	政府		部门	1163
bigram	政府		采购	769
bigram	政策		措施	368
bigram	政策		法规	333
bigram	故事		情节	308
bigram	教学		方法	258
bigram	教学		质量	278
bigram	教育		事业	325
bigram	教育		培训	293
bigram	教育		教学	337
bigram	教育		活动	395
bigram	教育		资源	294
bigram	教育		部门	283
bigram	数字		电视	882
bigram	数据		中心	332
bigram	数据		传输	364
bigram	数据		显示	951
bigram	数据		结构	363
bigram	数码		产品	316
bigram	数码		相机	1704
bigram	整个		世界	430
bigram	整个		过程	427
bigram	整体		上市	585
bigram	整体		素质	246
bigram	文件		系统	474
bigram	文化		交流	325
bigram	文化		产业	527
bigram	文化		底蕴	271
bigram	文化		建设	466
bigram	文化		艺术	283
bigram	文化		遗产	567
bigram	文学		作品	330
bigram	文明		用语	708
bigram	文章		内容	330
bigram	文章		来源	369
bigram	文章		类型	529
bigram	新兴		市场	283
bigram	新华		书店	260
bigram	新年		快乐	344
bigram	新浪		体育	292
bigram	新浪		博客	292
bigram	新浪		娱乐	308
bigram	新闻		中心	308
bigram	新闻		媒体	645
bigram	新闻		报道	377
bigram	新闻		联播	361
bigram	方方		面面	503
bigram	方针		政策	261
bigram	施工		单位	307
bigram	旅游		景点	351
bigram	旅游		资源	339
bigram	无可		奈何	481
bigram	无处		不在	420
bigram	无形		资产	277
bigram	无所		事事	360
bigram	无法		使用	648
bigram	无法		正常	263
bigram	无线		网卡	376
bigram	无线		网络	462
bigram	无缘		无故	306
bigram	无论		如何	1160
bigram	日常		工作	335
bigram	日常		生活	709
bigram	日本		政府	434
bigram	早上		吃什么	25000
bigram	早上		起来	283
bigram	早点		休息	25000
bigram	时候		出发	50000
bigram	时有		发生	247
bigram	明天		什么	25000
bigram	明天		早上	25000
bigram	明白		你的	25000
bigram	明确		提出	369
bigram	明确		规定	591
bigram	星际		争霸	254
bigram	春节		期间	366
bigram	是不		可能	1261
bigram	是否		存在	374
bigram	是否		符合	254
bigram	是否		能够	315
bigram	显示		出来	271
bigram	晚上		吃什么	26000
bigram	晚上		早点	25000
bigram	晚点		联系	4000
bigram	普遍		存在	362
bigram	智能		手机	704
bigram	暴风		影音	373
bigram	更多		信息	1088
bigram	曾经		说过	297
bigram	最佳		时间	297
bigram	最佳		选择	333
bigram	最受		欢迎	515
bigram	最后		一天	434
bigram	最后		一次	1154
bigram	最后		更新	1030
bigram	最后		还是	539
bigram	最大		限度	1003
bigram	最新		消息	316
bigram	最新		版本	323
bigram	最终		还是	509
bigram	最近		几年	259
bigram	最高		境界	293
bigram	最高		法院	276
bigram	有一		个人	675
bigram	有事		留言	1600
bigram	有些		事情	487
bigram	有人		认为	455
bigram	有关		人员	382
bigram	有关		人士	587
bigram	有关		单位	365
bigram	有关		情况	270
bigram	有关		方面	517
bigram	有关		法律	628
bigram	有关		规定	3511
bigram	有关		部门	4133
bigram	有关		问题	404
bigram	有很		多人	696
bigram	有意		无意	269
bigram	有所		不同	565
bigram	有效		成分	289
bigram	有效		措施	269
bigram	有机		结合	300
bigram	有空		给我	25000
bigram	有空		聊聊	1600
bigram	有线		电视	500
bigram	有色		金属	519
bigram	有限		公司	10603
bigram	朋友		一起	263
bigram	服务		中心	973
bigram	服务		人员	264
bigram	服务		体系	453
bigram	服务		对象	921
bigram	服务		平台	250
bigram	服务		机构	367
bigram	服务		水平	315
bigram	服务		质量	549
bigram	朝鲜		半岛	244
bigram	期货		公司	275
bigram	期货		市场	371
bigram	未来		发展	366
bigram	未经		授权	355
bigram	未经		许可	549
bigram	本场		比赛	422
bigram	本报		记者	1441
bigram	本来		就是	1242
bigram	本身		就是	892
bigram	机械		设备	288
bigram	杀毒		软件	1468
bigram	来到		这里	347
bigram	来自		中国	317
bigram	来自		北京	262
bigram	极品		飞车	318
bigram	构建		和谐	719
bigram	某种		程度	499
bigram	核心		技术	504
bigram	根本		利益	334
bigram	根本		原因	441
bigram	栽培		技术	336
bigram	检察		机关	558
bigram	检验		检疫	297
bigram	森林		公园	277
bigram	欢迎		光临	547
bigram	欢迎		大家	863
bigram	欢迎		来到	285
bigram	欢迎		访问	388
bigram	正在		进行	710
bigram	正常		使用	325
bigram	正常		工作	316
bigram	正常		运行	323
bigram	正式		发布	254
bigram	正式		启动	441
bigram	正式		开始	359
bigram	正确		处理	254
bigram	此时		此刻	291
bigram	武侠		小说	289
bigram	武器		装备	248
bigram	武林		外传	311
bigram	武汉		大学	348
bigram	死亡		人数	284
bigram	死亡		笔记	250
bigram	每一		个人	1124
bigram	每个		人都	1987
bigram	每天		晚上	467
bigram	每天		都有	399
bigram	每天		都要	353
bigram	每股		收益	497
bigram	比比		皆是	309
bigram	比较		合适	285
bigram	比较		喜欢	725
bigram	比较		容易	585
bigram	毕业		论文	394
bigram	毕业		设计	389
bigram	毕业		证书	252
bigram	毫不		犹豫	605
bigram	毫无		意义	268
bigram	毫无		疑问	613
bigram	民主		党派	253
bigram	民主		政治	254
bigram	民政		部门	273
bigram	民族		主义	378
bigram	民族		团结	285
bigram	民族		文化	359
bigram	民生		银行	375
bigram	民营		企业	1209
bigram	民营		经济	335
bigram	气候		变化	426
bigram	水利		工程	272
bigram	水水		灌灌	419
bigram	永远		不会	700
bigram	污水		处理	289
bigram	汽车		工业	323
bigram	汽车		市场	272
bigram	汽车		行业	247
bigram	没有		人会	351
bigram	没有		什么	4854
bigram	没有		任何	3591
bigram	没有		关系	723
bigram	没有		办法	1650
bigram	没有		发现	566
bigram	没有		安装	250
bigram	没有		必要	1171
bigram	没有		想到	1116
bigram	没有		意义	325
bigram	没有		找到	685
bigram	没有		时间	733
bigram	没有		机会	454
bigram	没有		理由	411
bigram	没有		见过	394
bigram	没有		足够	338
bigram	没有		问题	27018
bigram	治疗		方法	386
bigram	沿海		地区	289
bigram	法律		保护	254
bigram	法律		制度	270
bigram	法律		援助	310
bigram	法律		法规	1098
bigram	法律		规定	651
bigram	法律		责任	1754
bigram	注册		用户	463
bigram	注册		资本	444
bigram	注意		事项	759
bigram	注意		安全	25222
bigram	注明		出处	365
bigram	泪流		满面	404
bigram	流动		人口	397
bigram	流动		资金	262
bigram	流氓		软件	427
bigram	流行		音乐	367
bigram	流通		股东	275
bigram	浙江		大学	416
bigram	浦东		新区	251
bigram	浪费		时间	496
bigram	浮出		水面	384
bigram	海外		市场	330
bigram	海峡		两岸	309
bigram	消费		市场	312
bigram	消费		群体	266
bigram	消费		需求	308
bigram	液晶		电视	860
bigram	深入		人心	366
bigram	深入		开展	483
bigram	深入		研究	302
bigram	清华		大学	1180
bigram	清清		楚楚	332
bigram	温馨		提示	872
bigram	游戏		规则	448
bigram	湖南		卫视	600
bigram	滨海		新区	335
bigram	激励		机制	288
bigram	灌灌		水水	362
bigram	火影		忍者	413
bigram	点击		查看	641
bigram	点击		这里	1239
bigram	点击		进入	266
bigram	点点		滴滴	507
bigram	烟花		爆竹	297
bigram	热点		问题	251
bigram	爱国		主义	303
bigram	爱情		故事	545
bigram	爷爷		奶奶	321
bigram	爸爸		妈妈	1314
bigram	版权		所有	1717
bigram	物业		公司	418
bigram	物业		管理	742
bigram	特价		机票	265
bigram	特别		是在	896
bigram	特别		注意	385
bigram	特殊		情况	404
bigram	犯罪		分子	349
bigram	狠狠		期待	600
bigram	独立		显卡	250
bigram	独立		董事	279
bigram	环保		部门	259
bigram	环境		保护	1157
bigram	环境		卫生	269
bigram	环境		污染	463
bigram	现代		农业	379
bigram	现代		社会	486
bigram	现实		主义	267
bigram	现实		意义	254
bigram	现实		生活	913
bigram	理工		大学	594
bigram	理论		体系	265
bigram	理论		研究	332
bigram	理财		产品	327
bigram	生产		企业	1120
bigram	生产		厂家	520
bigram	生产		基地	851
bigram	生产		工艺	322
bigram	生产		成本	425
bigram	生产		技术	334
bigram	生产		经营	759
bigram	生产		能力	770
bigram	生产		设备	245
bigram	生产		资料	305
bigram	生产		过程	392
bigram	生命		危险	270
bigram	生命		周期	287
bigram	生态		环境	1014
bigram	生态		系统	352
bigram	生日		快乐	1170
bigram	生日		礼物	295
bigram	生活		习惯	427
bigram	生活		愉快	24000
bigram	生活		方式	1225
bigram	生活		条件	255
bigram	生活		水平	513
bigram	生活		环境	369
bigram	生活		质量	508
bigram	生物		技术	364
bigram	生长		发育	354
bigram	用人		单位	1638
bigram	用户		体验	282
bigram	用户		可以	599
bigram	用户		提供	772
bigram	用户		界面	254
bigram	由此		可见	371
bigram	电子		产品	485
bigram	电子		商务	2019
bigram	电子		政务	527
bigram	电子		杂志	267
bigram	电子		竞技	245
bigram	电子		邮件	1335
bigram	电视		节目	698
bigram	电话		号码	835
bigram	电话		联系	249
bigram	疗效		观察	327
bigram	百度		知道	546
bigram	皮肤		过敏	254
bigram	盈利		模式	264
bigram	盈利		能力	430
bigram	监控		系统	335
bigram	监督		检查	607
bigram	监督		管理	619
bigram	监管		部门	517
bigram	目前		国内	715
bigram	目前		市场	632
bigram	目标		任务	276
bigram	直到		现在	477
bigram	直接		关系	381
bigram	直接		影响	711
bigram	直接		投资	257
bigram	相互		作用	352
bigram	相信		自己	591
bigram	相关		专业	270
bigram	相关		信息	596
bigram	相关		内容	596
bigram	相关		政策	284
bigram	相关		法律	256
bigram	相关		规定	1032
bigram	相关		资料	433
bigram	相关		部门	1345
bigram	相对		来说	390
bigram	相比		之下	386
bigram	省委		书记	356
bigram	看不		下去	351
bigram	看不		出来	875
bigram	看不		清楚	365
bigram	真不		知道	843
bigram	真正		做到	304
bigram	睁开		眼睛	340
bigram	知名		企业	287
bigram	知名		品牌	410
bigram	知识		产权	1630
bigram	知识		分子	1241
bigram	知道		为什么	27000
bigram	知道		自己	1888
bigram	石油		公司	333
bigram	矿产		资源	479
bigram	研发		中心	399
bigram	研究		中心	1058
bigram	研究		人员	719
bigram	研究		发现	285
bigram	研究		工作	325
bigram	研究		开发	322
bigram	研究		成果	599
bigram	研究		报告	638
bigram	研究		机构	399
bigram	研究		进展	654
bigram	硕士		学位	350
bigram	社会		主义	5512
bigram	社会		保险	586
bigram	社会		保障	1088
bigram	社会		公众	311
bigram	社会		关系	284
bigram	社会		发展	1059
bigram	社会		各界	901
bigram	社会		和谐	444
bigram	社会		团体	252
bigram	社会		地位	264
bigram	社会		实践	280
bigram	社会		效益	325
bigram	社会		治安	424
bigram	社会		环境	341
bigram	社会		生活	434
bigram	社会		福利	279
bigram	社会		科学	292
bigram	社会		稳定	560
bigram	社会		经济	398
bigram	社会		责任	542
bigram	社会		进步	254
bigram	社会		问题	425
bigram	社保		基金	322
bigram	祝你		工作	24000
bigram	祝你		生活	24000
bigram	神经		系统	273
bigram	离家		出走	250
bigram	私募		基金	252
bigram	私营		企业	404
bigram	种植		面积	268
bigram	科学		发展	641
bigram	科学		技术	947
bigram	科学		研究	554
bigram	科技		人员	244
bigram	科技		创新	627
bigram	科技		发展	357
bigram	科技		含量	262
bigram	科技		成果	356
bigram	科技		进步	421
bigram	科研		人员	264
bigram	科研		成果	291
bigram	科研		机构	253
bigram	积极		主动	277
bigram	积极		作用	333
bigram	积极		参与	737
bigram	积极		参加	248
bigram	积极		开展	468
bigram	积极		探索	402
bigram	移动		电话	358
bigram	移动		硬盘	620
bigram	移动		通信	554
bigram	程序		设计	283
bigram	稍等		一下	4000
bigram	税务		机关	557
bigram	稳稳		拿下	600
bigram	空气		质量	246
bigram	突出		问题	413
bigram	突发		事件	537
bigram	突然		出现	374
bigram	突然		想起	455
bigram	突然		觉得	403
bigram	竞争		优势	585
bigram	竞争		对手	1572
bigram	竞争		激烈	370
bigram	符合		国家	245
bigram	符合		条件	449
bigram	第一		个人	24000
bigram	第一		件事	317
bigram	第一		印象	256
bigram	第一		句话	299
bigram	第一		季度	484
bigram	第一		时间	1459
bigram	第一		部分	294
bigram	第一		阶段	468
bigram	第三		产业	365
bigram	第三		季度	610
bigram	第二		季度	325
bigram	第二		阶段	420
bigram	第四		季度	381
bigram	等等		等等	246
bigram	简体		中文	310
bigram	管理		中心	545
bigram	管理		人员	1365
bigram	管理		体制	572
bigram	管理		体系	343
bigram	管理		制度	730
bigram	管理		办法	968
bigram	管理		团队	261
bigram	管理		学院	258
bigram	管理		工作	1032
bigram	管理		机构	439
bigram	管理		条例	289
bigram	管理		模式	534
bigram	管理		水平	495
bigram	管理		系统	960
bigram	管理		经验	303
bigram	管理		能力	246
bigram	管理		规定	597
bigram	管理		软件	408
bigram	管理		部门	1161
bigram	精神		状态	322
bigram	系列		产品	712
bigram	系列		活动	249
bigram	系统		工程	302
bigram	系统		集成	257
bigram	素质		教育	616
bigram	紧密		结合	404
bigram	紧紧		围绕	353
bigram	紧紧		抓住	247
bigram	组成		部分	1197
bigram	组织		实施	494
bigram	组织		开展	416
bigram	组织		机构	262
bigram	组织		结构	293
bigram	终于		找到	415
bigram	终于		明白	326
bigram	经常		出现	296
bigram	经济		利益	381
bigram	经济		危机	327
bigram	经济		发展	3395
bigram	经济		合作	292
bigram	经济		基础	276
bigram	经济		增长	1683
bigram	经济		学家	1272
bigram	经济		实力	453
bigram	经济		建设	742
bigram	经济		形势	259
bigram	经济		损失	513
bigram	经济		效益	1000
bigram	经济		活动	250
bigram	经济		社会	811
bigram	经济		组织	260
bigram	经济		结构	322
bigram	经济		运行	381
bigram	经纪		公司	377
bigram	经营		企业	246
bigram	经营		模式	287
bigram	经营		活动	374
bigram	经营		理念	322
bigram	经营		管理	652
bigram	经营		范围	245
bigram	经贸		合作	272
bigram	经验		丰富	430
bigram	结合		起来	965
bigram	结构		调整	484
bigram	结果		显示	334
bigram	结果		表明	261
bigram	给我		打电话	25000
bigram	绝大		多数	2047
bigram	绝大		部分	1042
bigram	绝对		不会	775
bigram	绝对		不是	612
bigram	绝对		不能	381
bigram	统一		管理	257
bigram	统计		数据	554
bigram	继续		努力	461
bigram	绩效		考核	245
bigram	综合		利用	257
bigram	综合		实力	265
bigram	综合		治理	402
bigram	综合		素质	428
bigram	绿色		食品	326
bigram	网上		交易	257
bigram	网上		购物	264
bigram	网上		银行	476
bigram	网友		评论	256
bigram	网站		建设	331
bigram	网络		传播	868
bigram	网络		公司	287
bigram	网络		媒体	351
bigram	网络		安全	451
bigram	网络		广告	326
bigram	网络		技术	331
bigram	网络		服务	297
bigram	网络		游戏	1529
bigram	网络		环境	287
bigram	网络		电视	288
bigram	网络		营销	629
bigram	网络		设备	251
bigram	网络		连接	260
bigram	网页		设计	253
bigram	罗马		尼亚	298
bigram	美国		市场	271
bigram	美国		总统	377
bigram	美国		政府	771
bigram	美国		经济	495
bigram	美术		学院	244
bigram	群发		软件	439
bigram	考试		成绩	322
bigram	聊天		记录	450
bigram	职业		教育	591
bigram	职业		生涯	588
bigram	职业		道德	479
bigram	职能		部门	596
bigram	联合		起来	255
bigram	联系		方式	1296
bigram	联系		电话	935
bigram	联系		起来	377
bigram	股东		大会	871
bigram	股份		公司	404
bigram	股指		期货	1005
bigram	股权		转让	329
bigram	股票		市场	560
bigram	背景		音乐	463
bigram	脚踏		实地	281
bigram	自主		创新	859
bigram	自主		品牌	673
bigram	自主		研发	364
bigram	自动		更新	253
bigram	自古		以来	260
bigram	自学		考试	289
bigram	自己		动手	285
bigram	自己		喜欢	942
bigram	自然		灾害	442
bigram	自然		环境	327
bigram	自然		科学	333
bigram	自然		资源	355
bigram	自由		主义	311
bigram	自由		自在	311
bigram	航空		公司	1210
bigram	艰苦		奋斗	251
bigram	节日		快乐	400
bigram	芙蓉		姐姐	526
bigram	英语		学习	255
bigram	苹果		手机	24000
bigram	范围		之内	296
bigram	药物		治疗	318
bigram	获得		成功	294
bigram	获得		更多	314
bigram	营业		执照	502
bigram	营业		收入	298
bigram	营养		不良	281
bigram	营养		成分	265
bigram	蓬勃		发展	348
bigram	虚拟		主机	543
bigram	蚂蚁		集团	1600
bigram	血液		循环	1286
bigram	行业		协会	621
bigram	行业		发展	310
bigram	行业		标准	281
bigram	行之		有效	291
bigram	行政		主管	280
bigram	行政		区域	318
bigram	行政		处罚	491
bigram	行政		复议	277
bigram	行政		审批	257
bigram	行政		执法	635
bigram	行政		机关	596
bigram	行政		法规	264
bigram	行政		管理	632
bigram	行政		许可	446
bigram	行政		部门	869
bigram	表现		出来	667
bigram	表现		形式	373
bigram	表示		感谢	328
bigram	表达		方式	245
bigram	表达		自己	416
bigram	装修		公司	251
bigram	西方		国家	577
bigram	西部		地区	432
bigram	规划		建设	282
bigram	规划		设计	285
bigram	规模		以上	253
bigram	规模		最大	529
bigram	规章		制度	500
bigram	视觉		效果	305
bigram	视频		播放	362
bigram	觉得		自己	2555
bigram	解决		办法	693
bigram	解决		方案	2767
bigram	解决		方法	557
bigram	解决		问题	1741
bigram	解放		思想	486
bigram	言论		自由	363
bigram	计划		生育	1227
bigram	计划		经济	436
bigram	计算		方法	303
bigram	认为		自己	825
bigram	认真		做好	305
bigram	认真		学习	484
bigram	认真		落实	288
bigram	认真		贯彻	279
bigram	记录		下来	337
bigram	记得		吃饭	1600
bigram	记者		采访	673
bigram	设计		方案	379
bigram	设计		理念	414
bigram	证券		交易	255
bigram	证券		公司	875
bigram	证券		市场	770
bigram	证券		投资	506
bigram	评选		活动	296
bigram	试点		工作	416
bigram	试验		研究	260
bigram	详细		介绍	411
bigram	详细		信息	377
bigram	语言		文明	2934
bigram	说不		清楚	525
bigram	课堂		教学	403
bigram	调查		报告	499
bigram	调查		显示	548
bigram	调查		研究	498
bigram	调查		结果	421
bigram	谢谢		你的	26000
bigram	谢谢		大家	681
bigram	负面		影响	617
bigram	财务		报表	244
bigram	财务		管理	430
bigram	财政		收入	521
bigram	财政		政策	247
bigram	财政		部门	372
bigram	责任		编辑	260
bigram	货币		政策	861
bigram	质量		安全	329
bigram	质量		控制	292
bigram	质量		管理	346
bigram	质量		问题	621
bigram	贫困		地区	325
bigram	贫富		差距	280
bigram	购物		中心	405
bigram	贯彻		执行	253
bigram	贯彻		落实	1389
bigram	贷款		利率	355
bigram	贸易		顺差	295
bigram	资产		管理	308
bigram	资产		重组	279
bigram	资产		阶级	524
bigram	资本		主义	1213
bigram	资本		市场	1537
bigram	资格		证书	256
bigram	资源		优势	358
bigram	资源		共享	320
bigram	资源		配置	331
bigram	资金		投入	309
bigram	资金		来源	249
bigram	赔偿		责任	268
bigram	超级		女声	386
bigram	跨国		公司	912
bigram	路上		小心	4000
bigram	路上		注意	25000
bigram	身体		健康	933
bigram	身体		状况	274
bigram	身心		健康	283
bigram	轨道		交通	359
bigram	软件		公司	302
bigram	软件		开发	567
bigram	输入法		反应	24000
bigram	达成		协议	340
bigram	迄今		为止	463
bigram	迅速		发展	415
bigram	运行		机制	268
bigram	还不		知道	1728
bigram	还是		没有	682
bigram	还有		一些	1117
bigram	还有		什么	1495
bigram	还有		很多	1327
bigram	还有		没有	621
bigram	这个		世界	1702
bigram	这个		东西	817
bigram	这个		功能	1500
bigram	这个		名字	888
bigram	这个		国家	480
bigram	这个		地方	778
bigram	这个		城市	754
bigram	这个		女人	539
bigram	这个		女孩	245
bigram	这个		家伙	853
bigram	这个		故事	624
bigram	这个		数字	423
bigram	这个		文件	349
bigram	这个		时代	410
bigram	这个		时候	2239
bigram	这个		机会	363
bigram	这个		消息	464
bigram	这个		游戏	413
bigram	这个		男人	509
bigram	这个		网站	579
bigram	这个		问题	54154
bigram	这么		多人	654
bigram	这么		多年	1055
bigram	这么		简单	494
bigram	这些		东西	982
bigram	这些		都是	1047
bigram	这些		问题	1131
bigram	这件		事情	1086
bigram	这张		专辑	416
bigram	这是		一个	2866
bigram	这是		一种	984
bigram	这是		什么	27525
bigram	这样		一来	458
bigram	这样		才能	662
bigram	这段		时间	1562
bigram	这种		事情	704
bigram	这种		情况	2471
bigram	这种		感觉	605
bigram	这种		方式	739
bigram	这种		方法	680
bigram	这篇		文章	1345
bigram	这部		电影	812
bigram	进入		中国	512
bigram	进入		市场	249
bigram	进展		情况	353
bigram	进展		顺利	255
bigram	进行		交流	319
bigram	进行		全面	426
bigram	进行		分析	521
bigram	进行		到底	306
bigram	进行		检查	404
bigram	进行		研究	273
bigram	进行		调整	404
bigram	进行		调查	451
bigram	远程		教育	355
bigram	远远		超过	459
bigram	违法		犯罪	393
bigram	违法		行为	814
bigram	违法		违规	249
bigram	迫切		需要	339
bigram	追究		责任	435
bigram	适合		自己	650
bigram	通过		网络	509
bigram	那一		瞬间	247
bigram	那个		地方	403
bigram	那个		女人	400
bigram	那个		女孩	306
bigram	那个		时候	1541
bigram	那个		男人	428
bigram	那天		晚上	456
bigram	那种		感觉	396
bigram	郑重		声明	677
bigram	部分		内容	1258
bigram	部分		地区	510
bigram	都不		知道	2351
bigram	都是		这样	627
bigram	都有		自己	602
bigram	配套		设施	375
bigram	配置		文件	489
bigram	采取		措施	571
bigram	重大		问题	451
bigram	重新		启动	628
bigram	重新		回到	272
bigram	重新		安装	270
bigram	重新		开始	354
bigram	重点		工程	252
bigram	重点		项目	363
bigram	重装		系统	321
bigram	重要		作用	735
bigram	重要		内容	531
bigram	重要		原因	594
bigram	重要		因素	525
bigram	重要		思想	509
bigram	重要		意义	516
bigram	重要		讲话	460
bigram	野生		动物	420
bigram	金山		毒霸	257
bigram	金山		词霸	387
bigram	金融		危机	867
bigram	金融		市场	631
bigram	金融		服务	339
bigram	金融		机构	1499
bigram	银行		贷款	422
bigram	销售		人员	767
bigram	销售		价格	334
bigram	销售		收入	677
bigram	销售		渠道	290
bigram	错误		信息	261
bigram	锻炼		身体	289
bigram	长效		机制	382
bigram	长期		以来	675
bigram	长篇		小说	284
bigram	门户		网站	937
bigram	闭上		眼睛	447
bigram	问卷		调查	267
bigram	问题		已经	25000
bigram	问题		怎么	25000
bigram	问题		解决	283
bigram	阅读		全文	451
bigram	队伍		建设	380
bigram	阿尔		卡特	249
bigram	阿里		巴巴	1787
bigram	降低		成本	358
bigram	除此		之外	563
bigram	隆重		举行	300
bigram	随之		而来	281
bigram	随处		可见	361
bigram	随心		所欲	436
bigram	随时		随地	539
bigram	随身		携带	336
bigram	难以		想象	251
bigram	难以		置信	295
bigram	集团		公司	1335
bigram	集成		电路	403
bigram	需要		什么	325
bigram	需要		帮助	419
bigram	需要		时间	289
bigram	需要		注意	462
bigram	青藏		铁路	347
bigram	青藏		高原	305
bigram	非常		不错	398
bigram	非常		喜欢	663
bigram	非常		感谢	846
bigram	非常		方便	249
bigram	非常		重要	1562
bigram	非常		重视	403
bigram	面向		对象	291
bigram	音乐		学院	247
bigram	顶顶		顶顶	2125
bigram	项目		建设	553
bigram	项目		管理	491
bigram	项目		经理	526
bigram	顺利		完成	334
bigram	顺利		进行	355
bigram	顺利		通过	285
bigram	颁奖		典礼	409
bigram	领导		小组	1412
bigram	领导		干部	1547
bigram	领导		班子	676
bigram	风险		投资	618
bigram	风险		管理	373
bigram	飞速		发展	303
bigram	食品		安全	1221
bigram	食品		药品	289
bigram	首发		经济	500
bigram	首届		中国	267
bigram	香港		电影	303
bigram	马上		就要	442
bigram	马来		西亚	1395
bigram	驱动		程序	715
bigram	高中		毕业	301
bigram	高度		评价	345
bigram	高度		重视	1462
bigram	高新		技术	612
bigram	高等		学校	414
bigram	高等		教育	1167
bigram	高等		院校	330
bigram	高速		公路	1952
bigram	高速		发展	475
bigram	高速		增长	536
bigram	魔兽		世界	885
bigram	鼠标		右键	245
bigram	龙头		企业	770
trigram	什么	时候	出发	50000
trigram	今天	中午	吃什么	25000
trigram	今天	天气	不错	1800
trigram	今天	晚上	吃什么	26000
trigram	你是	什么	意思	27000
trigram	功能	已经	完成	1500
trigram	周末	一起	吃饭	1200
trigram	好的	没有	问题	26000
trigram	我不	明白	你的	25000
trigram	我不	知道	为什么	27000
trigram	我们	什么	时候	25000
trigram	明天	什么	时候	25000
trigram	明天	早上	吃什么	25000
trigram	明白	你的	意思	25000
trigram	晚上	早点	休息	25000
trigram	有空	给我	打电话	25000
trigram	祝你	工作	顺利	24000
trigram	祝你	生活	愉快	24000
trigram	谢谢	你的	帮助	26000
trigram	路上	注意	安全	25000
trigram	输入法	反应	很慢	24000
trigram	这个	功能	已经	1500
trigram	这个	问题	已经	25000
trigram	这个	问题	怎么	25000
trigram	这是	什么	意思	27000
trigram	问题	已经	解决	25000
trigram	问题	怎么	解决	25000
